公司名稱,職缺內容,所需技能,職缺網址,擅長工具
科熱臺灣有限公司,軟體開發工程師,"負責大型專案的系統開發、測試和維護支援。
內容包含：
1. 系統分析、設計和開發
2. 擬定測試計畫、測試案例/腳本、建置測試環境、準備測試資料和執行測試
3. UAT和系統上線支援

必要條件
– 熟悉前端 HTML/CSS/JavaScript 等技術。
– 熟悉後端 Java 程式開發。
– 熟悉關聯式資料庫設計。
– 了解 Git 開發流程。
– 邏輯分析能力強，可獨立運作，擁有優異解決問題的能力。
– 對英文閱讀能力有信心，能夠快速閱讀技術文件。
– 能有效應付緊湊的專案進度。
",www.104.com.tw/job/6taxy?jobsource=hotjob_chr,"['Java', 'Spring', 'ANSI SQL', 'Oracle', 'HTML', 'J2EE', 'JavaScript', 'CSS', 'VueJS']"
台灣美光(台灣美光晶圓科技股份有限公司/台灣美光記憶體股份有限公司/美商美光亞太科技股份有限公司台灣分公司),DRAM System Engineer - Taichung,"As a DRAM System Engineer in the DRAM Engineering Group at Micron Technology Inc. you are responsible for system-level DRAM validation, system characterization and failure analysis, and experimentation as requested Your day to day functions may include: running and configuring diagnostic software, system debug, designing experiments, analyzing and interpreting data, crafting custom tools and presenting data to customers both inside and outside of Micron. On occasion you may need to carry out these responsibilities at the customers’ site. You will work with other specialists and management within the DRAM Engineering Group as well as other individuals from other departments throughout Micron. You will also collaborate with system enablers outside of Micron.
 
Preferred Skills and Experience with:
•    Hardware: X86, ARM, System, DRAM, Intel, AMD
•    Equipment: Oscilloscope, logic analyzer, motherboard
•    Software: Python, Linux",www.104.com.tw/job/6wqvf?jobsource=hotjob_chr,[]
緯德科技股份有限公司 (TechLink Corporation),Python工程師,"- 熟悉Python語言撰寫實務經驗1年以上。
- 可獨立或與團隊合作，工作態度積極、負責，能配合公司規定。
- 依不同經驗及能力來負責系統之分析(SA)、設計(SD)以及程式撰寫(PG)。
- 配合公司專案需求至客戶端駐點服務。",www.104.com.tw/job/695ve?jobsource=2018indexpoc,['Python']
丸佳資訊有限公司,Python全端工程師,"Python(Flask)、JavaScript、HTML、jQuery
• 1年以上軟體開發經歷
• 熟悉SQL、NoSQL資料庫
• 有RESTful API 設計及實作經驗
• 熟悉版本管理軟體 Git 使用

【加分項目】
• 熟悉",www.104.com.tw/job/6xykm?jobsource=2018indexpoc,"['Python', 'HTML', 'JavaScript', 'jQuery']"
連億國際開發股份有限公司,Python工程師,"徵有python程式背景的工程師，工作內容包含下列：
1. 開發網站(如Django framework)
2. ERP系統串連，如以SQLAlchemy連結Relational Database (SQL Server)開發APP
3.",www.104.com.tw/job/6cma2?jobsource=2018indexpoc,"['Java', 'Python', 'HTML', 'JavaScript', 'jQuery']"
hyve solutions_海峰電腦股份有限公司,Python Software Engineer,"Hyve Solutions is looking for a talented junior/mid-level Python software engineer to help write Python programs. 
You are",www.104.com.tw/job/5tobs?jobsource=2018indexpoc,"['Linux', 'UNIX', 'OOAD', 'OOP', 'C', 'C++', 'Java', 'Python', 'Database Management', 'MySQL']"
香港商易購全球有限公司台灣分公司,Senior Full Stack Developer (Python),"
Buyandship致力於為客戶提供最一致，最高效的服務，努力成為亞洲領先的電子商務跨境物流公司。 我們正在尋找資深Python工程師一同開發Django和Vue.js的專案項目。 您將與我們的designer合作，將美學化為完美像素，開發供",www.104.com.tw/job/6yr8x?jobsource=2018indexpoc,"['Python', 'MS SQL', 'PostgreSQL', 'HTML', 'CSS']"
皓展資訊股份有限公司,Python軟體工程師,"【工作內容】
參與人工智慧與物聯網產品研發

【職位條件】
1. 1年以上開發經驗。 
2. 熟悉Flask或其他Python網頁開發框架。 
3. 具Git版本控制使用經驗。
4. 具Docker Container 經驗尤佳",www.104.com.tw/job/6xj6a?jobsource=2018indexpoc,['Python']
伊諾科技有限公司,Senior Python Data Backend Engineer,"1.Design, develop, and maintain Big Data related projects including EDW system and ETL pipeline for data access, collection, processing and storage.
2.Manage deployment of the Big Data Infrastructure and services on AWS.
3.Dedicate to Big Data and Machine Learning Platform using Apache Spark and related technologies.
4.Investigate, survey and evaluate various state-of-the-art technologies.
5.Introduce new technologies and tackle the derived problems.
6.Implement and popularize excellent software development processes and best practices.",www.104.com.tw/job/6qwx5?jobsource=2018indexpoc,"['Linux', 'Python']"
欣創科技有限公司,Python工程師(PN001),"+ 具備 Python 實務經驗 
+ 工作態度積極、負責，重視團隊溝通合作 
+ 不當獨行俠，行有餘力時會主動支援及協助 

加分 
++ 有使用 Python 開發的開源程式碼專案可供參考 
++ 有撰寫 Unit Test 經驗",www.104.com.tw/job/6kgjo?jobsource=2018indexpoc,['Python']
富騰企管顧問有限公司,Python開發工程師,"職位描述：
1.負責項目基礎框架設計及構建。
2.負責公司python項目開發和維護，進行需求分析和功能設計。
3.具備需求分析能力，以及較強的邏輯分析和獨立解決問題能力。

福利制度
◆ 獎金 / 禮品類  
1.年終獎金  2.",www.104.com.tw/job/6qkea?jobsource=2018indexpoc,"['Python', 'MySQL', 'PostgreSQL']"
雲享資訊有限公司,初階 Python 工程師,"1. 使用 Python 作業
2. 主要工作內容為整理資料以及簡單的功能編寫
3. 了解基本數據概念
4. 協助分析師進行專案研究",www.104.com.tw/job/6y3fg?jobsource=2018indexpoc,"['Python', 'Excel', 'PowerPoint', 'Word']"
捷通軟體股份有限公司,[高薪獵才] 誠徵Python高手,"您是一名頂尖的軟體工程師嗎？! 與世界頂尖專家一同工作，負責AI系統研發，舞台接軌國際，只看能力~不看年紀! 
公司提供您一個自我實現的平台，歡迎有志挑戰國際市場的人才，加入我們的頂尖團隊!

1. 精通Python。 
2. 精通",www.104.com.tw/job/6yr9s?jobsource=2018indexpoc,"['Python', 'Django']"
綠界科技股份有限公司,Python 程式設計師,"1.Python 1 年以上的網站開發經驗、熟 Pyramid Framework 佳
2.熟 vue.js 
3.懂 MySQL、PostgreSQL 
4.懂 HTML、JavaScript、CSS 等相關應用
5.熟 GIT 版控",www.104.com.tw/job/6p5b1?jobsource=2018indexpoc,"['Python', 'MySQL', 'PostgreSQL', 'HTML', 'JavaScript', 'jQuery', 'CSS']"
勤業眾信聯合會計師事務所,Python後端工程師,"1. 協助模型後端架構開發及維護
2. 協助分析伺服器管理及維護
",www.104.com.tw/job/5yzmu?jobsource=2018indexpoc,"['Python', 'Excel', 'PowerPoint']"
順皇科技有限公司,Python資深工程師,"【應徵條件】

-熟悉Linux系統
-能獨立撰寫應用程式
-認真負責
-曾參與過大專案執行
-責任與抱負心強

【程式語言條件】
-須精通：Django、Python、PHP、RESTful API 
-資料庫：",www.104.com.tw/job/6txnz?jobsource=2018indexpoc,"['AJAX', 'PHP', 'Python', 'MySQL', 'JavaScript', 'Django']"
工智聯科技股份有限公司,Python軟體工程師,"1. Python 後端開發。
2. 熟悉資料庫C語言/MySQL者佳。
3. 熟悉 Linux開發環境者優先 。",www.104.com.tw/job/6ulns?jobsource=2018indexpoc,"['Linux', 'C++', 'Python', 'MySQL']"
香港商奇藝香港有限公司台北辦事處,Python自動化工程師,"愛奇藝是一個正向海外發展的國際化公司，目前多國都可使用愛奇藝國際模式觀看視頻。期待你的加入，讓我們為國際化的產品品質把關。

目前測試部門分為三種不同的職位：軟體測試工程師、軟體測試管理工程師、Python自動化工程師

Python自動",www.104.com.tw/job/6ju86?jobsource=2018indexpoc,[]
文境資科股份有限公司,Python Developer,"1. 協助完善自然語言處理框架
2. 協助建置自然語言處理各功能的的自動化測試(未來預計導入CI／CD流程)
3. 協助將組內的研究團隊成果加入公司的自然語言處理框架
4. 協助與合作夥伴的產品整合規劃",www.104.com.tw/job/6x67u?jobsource=2018indexpoc,"['Shell', 'Python']"
洺九自動化設備有限公司,Python軟件工程師,"1.自動化系統軟體撰寫 
2.系統軟硬體整合 
3.測試指令設計 
4.測試程式開發
5. 有Python程式開發應用經驗者優先
工作地點：目前在林口(廣達電腦附近)
客戶都是全世界最優秀，apple、google、廣達電腦。",www.104.com.tw/job/6i1oc?jobsource=2018indexpoc,"['Python', 'LabVIEW']"
蓋特資訊系統股份有限公司,Python 後端工程師," Ubuntu, Red Hat Linux
- Oracle Database, SQLite, Redis
- Supervisor, Docker, Nginx, Gunicorn
- Python, Django REST",www.104.com.tw/job/6vdrl?jobsource=2018indexpoc,[]
亞洲菁英資訊股份有限公司,Python Engineer(新竹),"1.具備物件導向程式開發：C++/C/ Python 
2.熟悉Python（用於ansible）、C++（用於SONiC）、PTF框架（SONiC Ansible測試中使用的數據生成器）。 
3.了解Jenkins的工作流程、Redis數據",www.104.com.tw/job/6ydrm?jobsource=2018indexpoc,"['Linux', 'C++', 'Java', 'Python']"
台灣美光(台灣美光晶圓科技股份有限公司/台灣美光記憶體股份有限公司/美商美光亞太科技股份有限公司台灣分公司),DRAM System Engineer - Taichung,"As a DRAM System Engineer in the DRAM Engineering Group at Micron Technology Inc. you are responsible for system-level DRAM validation, system characterization and failure analysis, and experimentation as requested Your day to day functions may include: running and configuring diagnostic software, system debug, designing experiments, analyzing and interpreting data, crafting custom tools and presenting data to customers both inside and outside of Micron. On occasion you may need to carry out these responsibilities at the customers’ site. You will work with other specialists and management within the DRAM Engineering Group as well as other individuals from other departments throughout Micron. You will also collaborate with system enablers outside of Micron.
 
Preferred Skills and Experience with:
•    Hardware: X86, ARM, System, DRAM, Intel, AMD
•    Equipment: Oscilloscope, logic analyzer, motherboard
•    Software: Python, Linux",www.104.com.tw/job/6wqvf?jobsource=hotjob_chr,[]
科熱臺灣有限公司,軟體開發工程師,"負責大型專案的系統開發、測試和維護支援。
內容包含：
1. 系統分析、設計和開發
2. 擬定測試計畫、測試案例/腳本、建置測試環境、準備測試資料和執行測試
3. UAT和系統上線支援

必要條件
– 熟悉前端 HTML/CSS/JavaScript 等技術。
– 熟悉後端 Java 程式開發。
– 熟悉關聯式資料庫設計。
– 了解 Git 開發流程。
– 邏輯分析能力強，可獨立運作，擁有優異解決問題的能力。
– 對英文閱讀能力有信心，能夠快速閱讀技術文件。
– 能有效應付緊湊的專案進度。
",www.104.com.tw/job/6taxy?jobsource=hotjob_chr,"['Java', 'Spring', 'ANSI SQL', 'Oracle', 'HTML', 'J2EE', 'JavaScript', 'CSS', 'VueJS']"
緯德科技股份有限公司 (TechLink Corporation),Python工程師,"- 熟悉Python語言撰寫實務經驗1年以上。
- 可獨立或與團隊合作，工作態度積極、負責，能配合公司規定。
- 依不同經驗及能力來負責系統之分析(SA)、設計(SD)以及程式撰寫(PG)。
- 配合公司專案需求至客戶端駐點服務。",www.104.com.tw/job/695ve?jobsource=2018indexpoc,['Python']
丸佳資訊有限公司,Python全端工程師,"Python(Flask)、JavaScript、HTML、jQuery
• 1年以上軟體開發經歷
• 熟悉SQL、NoSQL資料庫
• 有RESTful API 設計及實作經驗
• 熟悉版本管理軟體 Git 使用

【加分項目】
• 熟悉",www.104.com.tw/job/6xykm?jobsource=2018indexpoc,"['Python', 'HTML', 'JavaScript', 'jQuery']"
連億國際開發股份有限公司,Python工程師,"徵有python程式背景的工程師，工作內容包含下列：
1. 開發網站(如Django framework)
2. ERP系統串連，如以SQLAlchemy連結Relational Database (SQL Server)開發APP
3.",www.104.com.tw/job/6cma2?jobsource=2018indexpoc,"['Java', 'Python', 'HTML', 'JavaScript', 'jQuery']"
hyve solutions_海峰電腦股份有限公司,Python Software Engineer,"Hyve Solutions is looking for a talented junior/mid-level Python software engineer to help write Python programs. 
You are",www.104.com.tw/job/5tobs?jobsource=2018indexpoc,"['Linux', 'UNIX', 'OOAD', 'OOP', 'C', 'C++', 'Java', 'Python', 'Database Management', 'MySQL']"
香港商易購全球有限公司台灣分公司,Senior Full Stack Developer (Python),"
Buyandship致力於為客戶提供最一致，最高效的服務，努力成為亞洲領先的電子商務跨境物流公司。 我們正在尋找資深Python工程師一同開發Django和Vue.js的專案項目。 您將與我們的designer合作，將美學化為完美像素，開發供",www.104.com.tw/job/6yr8x?jobsource=2018indexpoc,"['Python', 'MS SQL', 'PostgreSQL', 'HTML', 'CSS']"
皓展資訊股份有限公司,Python軟體工程師,"【工作內容】
參與人工智慧與物聯網產品研發

【職位條件】
1. 1年以上開發經驗。 
2. 熟悉Flask或其他Python網頁開發框架。 
3. 具Git版本控制使用經驗。
4. 具Docker Container 經驗尤佳",www.104.com.tw/job/6xj6a?jobsource=2018indexpoc,['Python']
伊諾科技有限公司,Senior Python Data Backend Engineer,"1.Design, develop, and maintain Big Data related projects including EDW system and ETL pipeline for data access, collection, processing and storage.
2.Manage deployment of the Big Data Infrastructure and services on AWS.
3.Dedicate to Big Data and Machine Learning Platform using Apache Spark and related technologies.
4.Investigate, survey and evaluate various state-of-the-art technologies.
5.Introduce new technologies and tackle the derived problems.
6.Implement and popularize excellent software development processes and best practices.",www.104.com.tw/job/6qwx5?jobsource=2018indexpoc,"['Linux', 'Python']"
欣創科技有限公司,Python工程師(PN001),"+ 具備 Python 實務經驗 
+ 工作態度積極、負責，重視團隊溝通合作 
+ 不當獨行俠，行有餘力時會主動支援及協助 

加分 
++ 有使用 Python 開發的開源程式碼專案可供參考 
++ 有撰寫 Unit Test 經驗",www.104.com.tw/job/6kgjo?jobsource=2018indexpoc,['Python']
富騰企管顧問有限公司,Python開發工程師,"職位描述：
1.負責項目基礎框架設計及構建。
2.負責公司python項目開發和維護，進行需求分析和功能設計。
3.具備需求分析能力，以及較強的邏輯分析和獨立解決問題能力。

福利制度
◆ 獎金 / 禮品類  
1.年終獎金  2.",www.104.com.tw/job/6qkea?jobsource=2018indexpoc,"['Python', 'MySQL', 'PostgreSQL']"
雲享資訊有限公司,初階 Python 工程師,"1. 使用 Python 作業
2. 主要工作內容為整理資料以及簡單的功能編寫
3. 了解基本數據概念
4. 協助分析師進行專案研究",www.104.com.tw/job/6y3fg?jobsource=2018indexpoc,"['Python', 'Excel', 'PowerPoint', 'Word']"
捷通軟體股份有限公司,[高薪獵才] 誠徵Python高手,"您是一名頂尖的軟體工程師嗎？! 與世界頂尖專家一同工作，負責AI系統研發，舞台接軌國際，只看能力~不看年紀! 
公司提供您一個自我實現的平台，歡迎有志挑戰國際市場的人才，加入我們的頂尖團隊!

1. 精通Python。 
2. 精通",www.104.com.tw/job/6yr9s?jobsource=2018indexpoc,"['Python', 'Django']"
綠界科技股份有限公司,Python 程式設計師,"1.Python 1 年以上的網站開發經驗、熟 Pyramid Framework 佳
2.熟 vue.js 
3.懂 MySQL、PostgreSQL 
4.懂 HTML、JavaScript、CSS 等相關應用
5.熟 GIT 版控",www.104.com.tw/job/6p5b1?jobsource=2018indexpoc,"['Python', 'MySQL', 'PostgreSQL', 'HTML', 'JavaScript', 'jQuery', 'CSS']"
勤業眾信聯合會計師事務所,Python後端工程師,"1. 協助模型後端架構開發及維護
2. 協助分析伺服器管理及維護
",www.104.com.tw/job/5yzmu?jobsource=2018indexpoc,"['Python', 'Excel', 'PowerPoint']"
順皇科技有限公司,Python資深工程師,"【應徵條件】

-熟悉Linux系統
-能獨立撰寫應用程式
-認真負責
-曾參與過大專案執行
-責任與抱負心強

【程式語言條件】
-須精通：Django、Python、PHP、RESTful API 
-資料庫：",www.104.com.tw/job/6txnz?jobsource=2018indexpoc,"['AJAX', 'PHP', 'Python', 'MySQL', 'JavaScript', 'Django']"
工智聯科技股份有限公司,Python軟體工程師,"1. Python 後端開發。
2. 熟悉資料庫C語言/MySQL者佳。
3. 熟悉 Linux開發環境者優先 。",www.104.com.tw/job/6ulns?jobsource=2018indexpoc,"['Linux', 'C++', 'Python', 'MySQL']"
香港商奇藝香港有限公司台北辦事處,Python自動化工程師,"愛奇藝是一個正向海外發展的國際化公司，目前多國都可使用愛奇藝國際模式觀看視頻。期待你的加入，讓我們為國際化的產品品質把關。

目前測試部門分為三種不同的職位：軟體測試工程師、軟體測試管理工程師、Python自動化工程師

Python自動",www.104.com.tw/job/6ju86?jobsource=2018indexpoc,[]
文境資科股份有限公司,Python Developer,"1. 協助完善自然語言處理框架
2. 協助建置自然語言處理各功能的的自動化測試(未來預計導入CI／CD流程)
3. 協助將組內的研究團隊成果加入公司的自然語言處理框架
4. 協助與合作夥伴的產品整合規劃",www.104.com.tw/job/6x67u?jobsource=2018indexpoc,"['Shell', 'Python']"
洺九自動化設備有限公司,Python軟件工程師,"1.自動化系統軟體撰寫 
2.系統軟硬體整合 
3.測試指令設計 
4.測試程式開發
5. 有Python程式開發應用經驗者優先
工作地點：目前在林口(廣達電腦附近)
客戶都是全世界最優秀，apple、google、廣達電腦。",www.104.com.tw/job/6i1oc?jobsource=2018indexpoc,"['Python', 'LabVIEW']"
蓋特資訊系統股份有限公司,Python 後端工程師," Ubuntu, Red Hat Linux
- Oracle Database, SQLite, Redis
- Supervisor, Docker, Nginx, Gunicorn
- Python, Django REST",www.104.com.tw/job/6vdrl?jobsource=2018indexpoc,[]
亞洲菁英資訊股份有限公司,Python Engineer(新竹),"1.具備物件導向程式開發：C++/C/ Python 
2.熟悉Python（用於ansible）、C++（用於SONiC）、PTF框架（SONiC Ansible測試中使用的數據生成器）。 
3.了解Jenkins的工作流程、Redis數據",www.104.com.tw/job/6ydrm?jobsource=2018indexpoc,"['Linux', 'C++', 'Java', 'Python']"
億力資訊股份有限公司,Python Engineer,"1.具備Python實務專案經驗
2.有NET framework/core、Node.JS或是其他開發框架佳
3.熟悉CI/CD開發工具
4.具IaaS/PaaS cloud service開發經驗佳
5.主動性強、樂與團隊互動討論
",www.104.com.tw/job/5z6t9?jobsource=2018indexpoc,[]
艾斯移動股份有限公司,[學生實習/工讀] 軟體工程師( Java/ Python),"計、開發、測試、部署與維護等工作。

[應徵條件]
1.   擁有1年以上 Java 或 Python 研發經驗 
2.   每週至少出席三天

[加分項目]
1.   可依產品story board快速規劃產品實作規格，如：開立",www.104.com.tw/job/6rj5s?jobsource=2018indexpoc,"['Java', 'Python']"
台灣智園有限公司,軟體程式設計師 (Python)," Python 為主
   b. Javascript ES6, Angularjs, Vue 以及 CSS 開發前端 UI Presentation Layer
   c. MySQL 
   d. Elastic Search ,",www.104.com.tw/job/43gvt?jobsource=2018indexpoc,"['Python', 'MySQL']"
聯成電腦有限公司(聯成電腦/聯成美語),Python 程式設計語言講師(嘉義分校),"【業界經驗】至少有python開發經驗2年以上。
【授課經驗】若有尤佳，若無則需準備教材試教以確認教學能力。
【其它】
+ 熟 Python程式語言、Scipy、Spark、SQL Server資料庫、資料探勘、統計分析相關經驗。
+ 需",www.104.com.tw/job/6w0gd?jobsource=2018indexpoc,['Python']
一卡通票證股份有限公司,Python Software Engineer / Python Web Application Engineer,電子支付與電子票證創新暨整合應用系統研發。,www.104.com.tw/job/6vd7f?jobsource=2018indexpoc,"['Java', 'Python', 'MS SQL', 'J2EE', 'J2SE', 'Django']"
亞洲菁英資訊股份有限公司,Python Engineer(台南),"1.具備物件導向程式開發：C++/C/ Python 
2.熟悉Python（用於ansible）、C++（用於SONiC）、PTF框架（SONiC Ansible測試中使用的數據生成器）。 
3.了解Jenkins的工作流程、Redis數據",www.104.com.tw/job/6ydr6?jobsource=2018indexpoc,"['Linux', 'C++', 'Java', 'Python']"
永豐金證券股份有限公司,Python Django Web Developer (應用一科),We are looking for  Python Django Web Developers responsible for managing the interchange of data between the server and,www.104.com.tw/job/6winm?jobsource=2018indexpoc,['Python']
天下遊戲數位科技有限公司,python 後端工程師,"1 熟python程式，會寫 http server
2 後端以golang為主(可進公司再學習)
3 有資料庫程式經驗
4 熟linux系統
5 有OOP概念
6 對系統架構有興趣
7 我們使用CI/CD
8 要求寫單元測試、整合",www.104.com.tw/job/6gls5?jobsource=2018indexpoc,"['OOP', 'Github', 'Python', 'MySQL', 'HTML', 'JavaScript', 'jQuery', 'CSS', 'HTTP', 'TCP/IP']"
聯成電腦有限公司(聯成電腦/聯成美語),Python 程式設計語言講師(台南地區),"【業界經驗】至少有python開發經驗2年以上。
【授課經驗】若有尤佳，若無則需準備教材試教以確認教學能力。
【其它】
+ 熟 Python程式語言、Scipy、Spark、SQL Server資料庫、資料探勘、統計分析相關經驗。
+ 需",www.104.com.tw/job/5uu1l?jobsource=2018indexpoc,['Python']
富研智醫股份有限公司,python工程師,"1.負責醫療資訊網站程式開發
2.協助研發新技術與工具",www.104.com.tw/job/5slvw?jobsource=2018indexpoc,[]
美樂蒂文教科技興業股份有限公司,Python 程式設計開發人員," Build websites and apps
> Maintain websites and apps, etc.

Skills:
-Python
-Django
-SQL

我們是一間經營長達30多年的幼兒美語出版公司，正往多",www.104.com.tw/job/6ydib?jobsource=2018indexpoc,"['Python', 'ANSI SQL', 'MS SQL', 'PL/SQL', 'Django']"
美商網碩科技股份有限公司台灣分公司,SENIOR PYTHON DEVELOPER 資深後端工程師,"WHAT WE WANT 
FriendFinder Networks is looking for a Senior Python Developer who will work with cross functional teams to",www.104.com.tw/job/6n4i4?jobsource=2018indexpoc,"['Github', 'Python', 'Data Modeling', 'MySQL', 'PL/SQL', 'Node.js']"
聯成電腦有限公司(聯成電腦/聯成美語),Python 程式設計語言講師(台北地區),"【業界經驗】至少有python開發經驗2年以上。
【授課經驗】若有尤佳，若無則需準備教材試教以確認教學能力。
【其它】
+ 熟 Python程式語言、Scipy、Spark、SQL Server資料庫、資料探勘、統計分析相關經驗。
+ 需",www.104.com.tw/job/5pxb7?jobsource=2018indexpoc,['Python']
聯成電腦有限公司(聯成電腦/聯成美語),Python 程式設計語言講師(桃竹地區),"【業界經驗】至少有python開發經驗2年以上。
【授課經驗】若有尤佳，若無則需準備教材試教以確認教學能力。
【其它】
+ 熟 Python程式語言、Scipy、Spark、SQL Server資料庫、資料探勘、統計分析相關經驗。
+ 需",www.104.com.tw/job/5uu1e?jobsource=2018indexpoc,['Python']
聯成電腦有限公司(聯成電腦/聯成美語),Python 程式設計語言講師(高雄地區),"【業界經驗】至少有python開發經驗2年以上。
【授課經驗】若有尤佳，若無則需準備教材試教以確認教學能力。
【其它】
+ 熟 Python程式語言、Scipy、Spark、SQL Server資料庫、資料探勘、統計分析相關經驗。
+ 需",www.104.com.tw/job/5uu1q?jobsource=2018indexpoc,['Python']
聯成電腦有限公司(聯成電腦/聯成美語),Python 程式設計語言講師 - 桃園分校,"【業界經驗】至少有python開發經驗2年以上。
【授課經驗】若有尤佳，若無則需準備教材試教以確認教學能力。
【其它】
+ 熟 Python程式語言、Scipy、Spark、SQL Server資料庫、資料探勘、統計分析相關經驗。
+ 需",www.104.com.tw/job/5xhc8?jobsource=2018indexpoc,['Python']
聯成電腦有限公司(聯成電腦/聯成美語),Python 程式設計語言講師(斗六分校),"【業界經驗】至少有python開發經驗2年以上。
【授課經驗】若有尤佳，若無則需準備教材試教以確認教學能力。
【其它】
+ 熟 Python程式語言、Scipy、Spark、SQL Server資料庫、資料探勘、統計分析相關經驗。
+ 需",www.104.com.tw/job/6l7po?jobsource=2018indexpoc,['Python']
聯成電腦有限公司(聯成電腦/聯成美語),Python 程式設計語言講師 (台中地區),"【業界經驗】至少有python開發經驗2年以上。
【授課經驗】若有尤佳，若無則需準備教材試教以確認教學能力。
【其它】
+ 熟 Python程式語言、Scipy、Spark、SQL Server資料庫、資料探勘、統計分析相關經驗。
+ 需",www.104.com.tw/job/5uu1f?jobsource=2018indexpoc,['Python']
聯成電腦有限公司(聯成電腦/聯成美語),Python程式線上直播課程講師,"目前我們正在招募線上直播程式講師，希望對直播程式教學有熱情，喜歡在直播教室線上和學員互動，舉辦實體Workshop技術交流會。
職務說明： 
主要教授Python程式語言，運用在量化投資、量化分析領域。
配合度高可長期授課，授課專業能力佳，",www.104.com.tw/job/6nu69?jobsource=2018indexpoc,['Python']
誠雲科技股份有限公司,Python後端工程師(台中總部),"- 熟悉 Python
- 熟悉 Web 程式開發
- 具Linux主機維護經驗佳
- 有api server開發經驗佳
其它條件 
1. 網路應用程式開發有極大熱忱
2. 思路清晰，有良好溝通協調能力
3. 積極、認真與負責，喜好",www.104.com.tw/job/4cifp?jobsource=2018indexpoc,['Python']
伊諾科技有限公司,不希望只能召喚爬蟲的 Python 工程師,"我們期待您在加入伊諾後，不會只想安逸的當一個只召喚爬蟲的 Python 攻城獅，而是渴望挑戰以前沒做過的各種任務。在工作中學習，經由學習來完成任務，藉由完成任務的經驗來造就大神。

當公司業務需要資料來支持時，開發團隊會希望 Python 工",www.104.com.tw/job/6ucvg?jobsource=2018indexpoc,['Python']
Morgan Philips Hong Kong Limited Taiwan Branch_香港商博禹國際顧問有限公司台灣分公司,外商! Software Developer/ Automation Test Developer/ Python/ Linux/ Server," engineering / information management.
3. Familiar with Linux development system
4. Familiar with Python programming language",www.104.com.tw/job/6wqxa?jobsource=2018indexpoc,['Python']
"Synopsys Taiwan Co., Ltd._台灣新思科技股份有限公司",IT資訊類: Python Software Developer (竹科),"The major focus of this job is on Python programming for Storage Automation process/system development, include user",www.104.com.tw/job/6y610?jobsource=2018indexpoc,['Python']
紅門互動股份有限公司,Python Flask網站開發工程師(台北),"1. 網站管理/系統開發與維護。
2. 網站資料庫設計與維護。
3. 前端套版應用。
4. 第三方API整合和API開發。
5. 數據整合應用開發

【必要條件】
1. 熟悉 Python(Flask為主)
2. 熟悉",www.104.com.tw/job/6xtfl?jobsource=2018indexpoc,['Python']
Mphasis Taiwan_澳大利亞商安復仕有限公司台灣分公司,(Sr.)Automation Test Developer/ Software Engineer in Test (Python)," development using Python , familiar with OOPs concept
•Experience in working directly with customers or development teams in",www.104.com.tw/job/6u7kv?jobsource=2018indexpoc,['Python']
聯成電腦有限公司(聯成電腦/聯成美語),Python 程式設計語言(課程講師) - 中壢分校,"【業界經驗】至少有python開發經驗2年以上。
【授課經驗】若有尤佳，若無則需準備教材試教以確認教學能力。
【其它】
+ 熟 Python程式語言、Scipy、Spark、SQL Server資料庫、資料探勘、統計分析相關經驗。
+ 需",www.104.com.tw/job/5xlbc?jobsource=2018indexpoc,"['Java', 'Python']"
聯成電腦有限公司(聯成電腦/聯成美語),資深 Python 程式設計語言(課程講師) - 中壢分校,"【業界經驗】至少有python開發經驗2年以上。
【授課經驗】若有尤佳，若無則需準備教材試教以確認教學能力。
【其它】
+ 熟 Python程式語言、Scipy、Spark、SQL Server資料庫、資料探勘、統計分析相關經驗。
+ 需",www.104.com.tw/job/6g3ws?jobsource=2018indexpoc,"['Java', 'Python']"
一陞開發建設有限公司,Python (電腦助理工程師）,"一.基本學經歷：
1. 可接受大四以上在學學生、應屆畢業生
    （歡迎輔大學生加入）.
2. 歷年成績單系排名前 20%
3. 資訊相關科系

二.基本條件：
1. 態度積極負責，擅於溝通及表達。
2. 熟悉 Python 程",www.104.com.tw/job/6ubyr?jobsource=2018indexpoc,"['Github', 'Java', 'Python', 'MS SQL', 'PostgreSQL', 'HTML', 'JavaScript', 'jQuery', 'Django', '中文打字75~100']"
童綜合醫療社團法人童綜合醫院,Python 工程師,"熟Python, Flask, Pandas, 基本SQL語法。
對HTML，CSS，Javascript有基本之認識(不一定要非常專精，但與前端工程師溝通時會需要初階的知識)。
具備Linux基本操作能力，與基本Git使用能力。
具備良好溝通能",www.104.com.tw/job/6upji?jobsource=2018indexpoc,[]
聯成電腦有限公司(聯成電腦/聯成美語),資深Python 程式設計語言講師(台南地區),"【業界經驗】至少有python開發經驗2年以上。
【授課經驗】若有尤佳，若無則需準備教材試教以確認教學能力。
【其它】
+ 熟 Python程式語言、Scipy、Spark、SQL Server資料庫、資料探勘、統計分析相關經驗。
+ 需",www.104.com.tw/job/6w0gs?jobsource=2018indexpoc,['Python']
正美企業股份有限公司,網站後台開發工程師-python,"部門主要服務範圍如下：
1.產業溯源應用服務
2.列印即需服務
3.企業供應鏈門戶網站
4.基於區塊鏈（blockchain）的供應鏈協同/金融

這項職務主要負責以下內容：
1.網站系統的設計與開發
2.與產品或專案人員協作，完成軟體專案及服務網站的開發及維護
",www.104.com.tw/job/5sdnl?jobsource=2018indexpoc,"['Linux', 'PHP', 'Python']"
干城數碼有限公司,Python / R 數據分析師/資料分析師_D,"1.預估訂單，使用統計、機器學習、深度學習等演算法進行建模
2.協助定義商業問題以及方法論，定義假說以及指標，調整設計數據模型 
3.資料分析專案管理 
4.負責專案之提案/執行",www.104.com.tw/job/6vg27?jobsource=2018indexpoc,"['Python', 'MS SQL', 'PL/SQL']"
聯成電腦有限公司(聯成電腦/聯成美語),資深 Python 程式設計語言(課程講師) - 忠孝分校,"【業界經驗】至少有python開發經驗2年以上。
【授課經驗】授課經驗2年以上
【其它】
+ 熟 Python程式語言、Scipy、Spark、SQL Server資料庫、資料探勘、統計分析相關經驗。
+ 需有作品or開發程式範例。",www.104.com.tw/job/6gaqg?jobsource=2018indexpoc,"['Java', 'Python']"
聯合智網股份有限公司,【策略分析部】Python工程師,"工作內容：
-參與電子商務技術發展。
-熟悉數據擷取和解析技術，分析相關資料。
-支援營運團隊線上數據開發。
-管理階層決策所需數據提供。

要求項目：
-兩年以上 Python 程式運用經驗，數據串流，可以銜接演算法相關應用服務。",www.104.com.tw/job/6wupp?jobsource=2018indexpoc,"['Linux', 'Python', 'MySQL']"
聯成電腦有限公司(聯成電腦/聯成美語),Python 程式設計語言(授課講師) - 忠孝分校,"【業界經驗】至少有python開發經驗2年以上。
【授課經驗】若有尤佳，若無則需準備教材試教以確認教學能力。
【其它】
+ 熟 Python程式語言、Scipy、Spark、SQL Server資料庫、資料探勘、統計分析相關經驗。
+ 需",www.104.com.tw/job/6gamf?jobsource=2018indexpoc,"['Java', 'Python']"
聯成電腦有限公司(聯成電腦/聯成美語),Python 程式設計語言(課程講師) - 豐原認證中心,"【業界經驗】至少有python開發經驗2年以上。
【授課經驗】若有尤佳，若無則需準備教材試教以確認教學能力。
【其它】
* 熟 Python程式語言、Scipy、Spark、SQL Server資料庫、資料探勘、統計分析相關經驗。
* 需",www.104.com.tw/job/67e0x?jobsource=2018indexpoc,"['Java', 'Python']"
和瑞科技股份有限公司,應用工程師 C or Python (FAE)," board後建議備車，公司有相關津貼補助

【技術需求】

  1. (MUST) 有C 或 Python程式開發能力或專案開發經驗，或有其他程式語言相關經驗
  2. (MUST) 有Linux使用或管理經驗
  3. (NICE) 修習",www.104.com.tw/job/5esa0?jobsource=2018indexpoc,"['Linux', 'C', 'Python']"
聯成電腦有限公司(聯成電腦/聯成美語),Python 程式設計語言(課程講師) - 士林分校,"【業界經驗】至少有python開發經驗2年以上。
【授課經驗】若有尤佳，若無則需準備教材試教以確認教學能力。
【其它】
+ 熟 Python程式語言、Scipy、Spark、SQL Server資料庫、資料探勘、統計分析相關經驗。
+ 需",www.104.com.tw/job/6h9yj?jobsource=2018indexpoc,"['Java', 'Python', 'MySQL', 'J2SE']"
艾得基客行銷顧問股份有限公司,Java/Python/Go 大數據平台工程師,"Java/Python/Go 大數據平台工程師

adGeek艾得基客是一家專注於網路廣告優化及行銷整合的互聯網公司。目前我們團隊處於高速開發產品的時間，產品的功能相當多，可以玩與嚐試的東西很多，特別是架構面的東西，如消息隊列、大數據架構、設",www.104.com.tw/job/6j2dn?jobsource=2018indexpoc,"['Linux', 'UML', 'Java', 'PHP', 'Python', 'MySQL', 'RDBMS', 'HTML', 'JavaScript', 'jQuery', 'HTTP', 'ssh']"
積大企業有限公司,【電子商務部】Python工程師,"和溝通能力

大加分項目：
1. Python相關工作經驗
2. 爬蟲程式製作的基礎知識與經驗
3. 熟悉django",www.104.com.tw/job/6yb7d?jobsource=2018indexpoc,['Python']
巨匠電腦股份有限公司(巨匠電腦)(巨匠美語),Python AI_技能教學講師(不限區域),"1.熟悉Python
2.AI人工智慧相關案例",www.104.com.tw/job/6qwlo?jobsource=2018indexpoc,"['C#', 'Java', 'Python']"
聯成電腦有限公司(聯成電腦/聯成美語),Python程式講師-新竹分校,主要教授Python程式語言，運用在資料分機或網頁爬蟲，帶同學進入相關領域，本中心備有完整授課大綱及相關教材，歡迎想往補教領域發展的你加入,www.104.com.tw/job/5y4rk?jobsource=2018indexpoc,"['Python', 'MySQL']"
樂購蝦皮股份有限公司,Shopee APP -  Python Backend Developer 後端工程師,"1. Design and implement web back-end services using Python
2. Write high-quality, clean, maintainable code using",www.104.com.tw/job/6m0or?jobsource=2018indexpoc,[]
中國人壽保險股份有限公司(總公司),F-資深數據分析師(Python),"1. 異質資料庫數據整合 
2. 數據分析、應用之相關程式(C#或VB.Net或Python)開發 
3. 資料庫SQL語法開發 
4. 協助企劃、行銷團隊進行數據分析",www.104.com.tw/job/6gjxh?jobsource=2018indexpoc,['Python']
聯成電腦有限公司(聯成電腦/聯成美語),Python程式分析講師-桃園分校,主要教授Python程式語言，帶同學進入程式分析領域，本中心備有完整授課大綱，歡迎想往補教領域發展的你加入,www.104.com.tw/job/5yxro?jobsource=2018indexpoc,"['Python', 'MySQL']"
紅門互動股份有限公司,Python Flask網站研發工程師(台中),"新獎)」
https://drive.google.com/file/d/1sBQrWne_M4JqbkGr21n6J8SjoG_szCe2/view


2．需使用python 開發前端網站與後端資料ETL(對全端工程師工作有興趣者)",www.104.com.tw/job/6kf9h?jobsource=2018indexpoc,"['Systems Analysis', 'Python']"
聯成電腦有限公司(聯成電腦/聯成美語),資深Python 程式設計語言(課程講師) - 豐原認證中心,"【業界經驗】至少有python開發經驗3年以上。
【授課經驗】兩年以上尤佳。
【其它】
* 熟 Python程式語言、Scipy、Spark、SQL Server資料庫、資料探勘、統計分析相關經驗。
* 需有作品or開發程式範例。",www.104.com.tw/job/6g3dw?jobsource=2018indexpoc,"['Java', 'Python']"
聯成電腦有限公司(聯成電腦/聯成美語),Python 程式設計語言(課程講師) - 基隆、大台北地區,"【業界經驗】至少有python開發經驗2年以上。
【授課經驗】若有尤佳，若無則需準備教材試教以確認教學能力。
【其它】
+ 熟 Python程式語言、Scipy、Spark、SQL Server資料庫、資料探勘、統計分析相關經驗。
+ 需",www.104.com.tw/job/6gcfy?jobsource=2018indexpoc,"['Java', 'Python']"
智趣王數位科技股份有限公司,WEB網頁程式設計師(JAVA/Python),"，JSP(JSTL標籤、EL標籤)) 或 Python(Flask, SqlAlchemy)
2. 熟悉 MySQL，除了ORM外，也可以根據需求或系統效能撰寫SQL指令碼。如果其他人很忙，也要能任務需求自行規劃、設計資料結構。
3. 熟悉",www.104.com.tw/job/3y3uv?jobsource=2018indexpoc,[]
"Synopsys Taiwan Co., Ltd._台灣新思科技股份有限公司",IT職務類 (實習 Intern): Python programming (一周至少2天) (竹科),"-side frontend UI framework (e.g. Flask)
	Server-side programming skills by Python, include data processing, web service",www.104.com.tw/job/6yi9b?jobsource=2018indexpoc,['Python']
美商美創資通股份有限公司台灣分公司,資深後端系統工程師 (python),"徵求有實力的 web service 後端開發者

5 年以上工作經歷，並熟悉以下項目：

1. Linux 指令與應用
2. Webservice 開發經驗, python-base 尤佳, e.g. Web2py, Django,",www.104.com.tw/job/4mfzt?jobsource=2018indexpoc,"['PHP', 'Python', 'Database Management']"
全富數位有限公司,後端工程師 Python Engineer,"歡迎有一定程度 Python基礎，並具 Web 研發相關知識， 
願意對技術持續精進的熱血工程師投遞。 

職責要求： 
1. 從事 Python Web 相關工作。 
2. 熟悉網路爬蟲技術
3. 持續優化產品的效能和質量
4.",www.104.com.tw/job/6izvs?jobsource=2018indexpoc,[]
平安房屋仲介股份有限公司,Python資深工程師,我們是由一群具有熱誠、豐富產業經驗、有想法的夥伴，所共同組成的高戰鬥力不動產科技（Proptech）平台開發團隊，正在積極地找尋有熱情、有想法的專業人才。只要您是高手或好手，您~ 就是我們需要的合作夥伴，誠摯地邀請您的加入。,www.104.com.tw/job/6yjxf?jobsource=2018indexpoc,[]
彣峴科技股份有限公司,Python 後端工程師 --關係企業：艾旺科技 http://www.ioneit.com/,"職位描述：
1. 負責項目基礎框架設計及構建。
2. 負責公司後端項目開發和維護，進行需求分析和功能設計。
3. 對於軟體開發及新技術學習有濃厚興趣，以及較強的邏輯分析和獨立解決問題能力。

必備條件 : python django 開",www.104.com.tw/job/6y4zn?jobsource=2018indexpoc,"['Python', 'MySQL', 'JavaScript', 'VueJS', 'Django']"
金冠科技有限公司,Python 後端工程師 (Junior),"以 Python 負責開發公司後端系統平台，
持續優化產品的效能和質量，需與前端密切整合
系統技術研究與專案推動上線
爬蟲數據資料分析",www.104.com.tw/job/6lw8b?jobsource=2018indexpoc,[]
台灣智園有限公司,"初級軟體程式設計師 (Java, C#, Python)","一定的實作經驗，能熟悉迴圈、遞迴、陣列、樹狀結構，解決搜尋、排序問題 
　b. 具物件導向設計觀念，熟悉 Java, C#, python 一個或以上程式語言
　c. 對 Web App 有基本認識（HTML, CSS, Javascript）",www.104.com.tw/job/6h2q5?jobsource=2018indexpoc,"['ASP.NET', 'C#', 'Java', 'Python', 'Spring', 'Visual C#', 'Visual Studio .net', 'MS SQL', 'MySQL', 'HTML', 'JavaScript', 'jQuery']"
雙子數位科技有限公司,Python演算法開發工程師,"1. 協助研究單位進行影像辨識、訊號處理、人工智慧演算法開發
2. 根據專案需求進行核心演算法開發、重構
3. 負責資料清洗、演算數據監控及演算效率優化
4. 相關規格與技術文件撰寫",www.104.com.tw/job/6xwtk?jobsource=2018indexpoc,[]
犀牛盾_愛進化科技股份有限公司,Python 資料處理工程師,"本要求】
- 熟悉 Python
- 熟悉 Git
- 熟悉常用 Linux 指令
- 熟悉關聯式資料庫，如 MySQL

【加分條件】
- 熟悉 AWS EC2、RDS 或 S3
- 樂於分享技術新知

【團隊文化】
為了更",www.104.com.tw/job/6vabn?jobsource=2018indexpoc,[]
台灣智園有限公司,"中階/資深 軟體程式設計師 (Java, C#, Python)"," 具物件導向設計觀念，熟悉 Java, C#, python 一種以上Web 後端架構，寫出易讀、易擴充的代碼
   b. 熟悉 Web （HTML, CSS, Javascript）前端技術，有以下經驗更佳：AngularJS, Vue.js",www.104.com.tw/job/43g75?jobsource=2018indexpoc,"['ASP.NET', 'C#', 'Java', 'Python', 'Spring', 'Visual C#', 'Visual Studio .net', 'MS SQL', 'MySQL', 'HTML', 'JavaScript', 'jQuery', 'CSS', 'AngularJS', 'VueJS']"
堯晉科技有限公司,高階後端Python工程師,"如果你有用 ：

1. Django 
2. Flask 
3. Tornado 
4. Sanic 
5. 其他 Python 後端框架 
 
架構過大型專案，且讓產品上線並且解決客戶端的各種後端需求。
對後端 WEB 服務專",www.104.com.tw/job/6tdrk?jobsource=2018indexpoc,['Django']
Tata Consultancy Services Limited Taiwan Branch_印度商塔塔顧問服務有限公司台灣分公司,Python Engineer (工作地點:台南/新竹),"* 具備物件導向程式開發：C++/C/ Python
* 熟悉Python（用於ansible）、C++（用於SONiC）、PTF框架（SONiC Ansible測試中使用的數據生成器）。
* 了解Jenkins的工作流程、Redis數據庫及",www.104.com.tw/job/6wq92?jobsource=2018indexpoc,"['Linux', 'C++', 'Java', 'Python']"
美商連科股份有限公司,資深軟體工程師 (Python),"月薪：8~12萬
職缺：Senior Python Developer 1人 (Fullstack or Platform)

Join us in building the best e-commerce SaaS platform to",www.104.com.tw/job/5p5ft?jobsource=2018indexpoc,[]
美商連科股份有限公司,軟體工程師 (Python),"月薪：6~9萬
職缺：Python Developer 1~2人

Join us in building the best e-commerce SaaS platform to revolutionize how retailers",www.104.com.tw/job/5t1rj?jobsource=2018indexpoc,[]
遊戲河流有限公司,python開發工程師（台北）,"1.撰寫通訊系統後端
2.熟悉 django
3.熟悉 web socket 協定",www.104.com.tw/job/6rmi7?jobsource=2018indexpoc,['Python']
居家先生股份有限公司,後端工程師 Back-End Engineer(需熟悉PHP、Python),"，具備團隊配合度與具抗壓性
◎具備良好的邏輯分析能力和良好的理解溝通能力，能夠獨立解決問題。

[必要條件]
◎2年以上經驗
◎熟悉 PHP、Python 程式語法
◎曾參與開發企業電子商務網站程式經驗者
◎熟悉 Linux 及",www.104.com.tw/job/6ytit?jobsource=2018indexpoc,"['Github', 'PHP', 'Python', 'MySQL', 'AWS', 'e-commerce']"
緯創軟體股份有限公司,【 2020軟體技術人才招募】Python 工程師,"【１年以上軟體相關經驗者，歡迎投遞！】資格不符者，恕不另行通知，謝謝!
緯創軟體是台灣唯一專注於全球交付的資訊服務上櫃公司。因應業績不斷成長，需要大量人才加入國際軟體開發團隊。
● 主要專案有：(1)銀行/保險/證券業系統開發、(2) 半導體/面板/電子產業相關系統開發、(3)通訊業系統開發、(4) 資安系統開發、(5)其他新技術應用開發, 如Machine Learning, Big Data…等。
● 歡迎有任一產業經驗的軟體工程師與程式設計師加入我們。資深者佳。
● 因專案眾多，將根據您產業經驗、技術程度、專長類別、與期待工作地點，於面試時詳談工作內容與機會。

1. Developing backend services 
2. Design, maintain and scale our distributed infrastructure
3. Propose new ways and technologies for automation
工作地點：新竹或台北",www.104.com.tw/job/69za2?jobsource=2018indexpoc,"['Python', 'MS SQL', 'MySQL']"
圓祐資訊股份有限公司,資深Python/Django全端工程師,"負責AI交談機器人產品研發, 與世界頂尖專家一同工作，提供您一個穩自我實現的平台，邀請有企圖心的軟體人才加入我們!
1. 熱愛Python
2. 熟悉Django和Django Rest Framework
3. 熟悉PosgreSQL",www.104.com.tw/job/6urf6?jobsource=2018indexpoc,[]
創順科技有限公司,後端工程師 Back-end Engineer ( Python ),"【人生苦短，我用 Python】
歡迎有一定程度 Python基礎，並具 Web 研發相關知識，
願意對技術持續精進的熱血工程師投遞。

職責要求： 
1. 從事 Python Web 相關工作。
2. 負責 REST API 的開發",www.104.com.tw/job/5oxtq?jobsource=2018indexpoc,[]
康翔科技股份有限公司,Python工程師(AWS Lambda),"開發一款提供給企業客戶專門使用的APP
工程師負責後端撰寫Python的部分(需要可以獨立作業的能力)
Python寫在AWS Lambda上做資料交換後回傳到前端APP(IOS & Android)",www.104.com.tw/job/6wble?jobsource=2018indexpoc,[]
康翔科技股份有限公司,Python工程師(machine learning),"需求技術：python, R, SQL or noSQL佳, 統計系畢業佳, 英文中等以上
職務內容：machine learning, e.g.訂單評估",www.104.com.tw/job/6vfpo?jobsource=2018indexpoc,[]
創順科技有限公司,資深後端工程師 Sr. Back-end Engineer ( Python ),"【 人生苦短，我用 Python 】

職責要求：  
1. 負責以 Python 周邊技術為主的 web 服務的技術選型、架構設計。
2. 處理服務高並發、高可用的調優。
3. 新技術、工具的探索、研究和應用。
4. 實踐微服務架構",www.104.com.tw/job/5oxur?jobsource=2018indexpoc,[]
國泰金控_國泰金融控股股份有限公司,"資料科學工程師（Python 後端研發）-- 資料科學實驗室  (數數發中心, DDT)","工作內容

我們 資料科學實驗室 的文化

- 我們樂於互相分享，也樂於互相學習
- 我們有主動發現問題，主動解決問題的特質
- 我們的討論風氣興盛，沒有階級之分

我們 資料科學實驗室 正在尋找的 Python 後端工程師，負責為軟體產品或專案",www.104.com.tw/job/6k5ft?jobsource=2018indexpoc,[]
國泰金控_國泰金融控股股份有限公司,"資料科學工程師（Python 軟體工程）-- 資料科學實驗室 (數數發中心, DDT)","與程式開發，依照個人技術能力與發展安排，可能包含但不限如下相關內容：

- 資料 ETL 相關創新技術研究
- 基於 Spark ETL 技術，研發創新產品
- 基於 Python 語言之產品開發，推廣及後續維護
- 與數據分析師合作，進行機器學習",www.104.com.tw/job/6w7ov?jobsource=2018indexpoc,[]
艾斯移動股份有限公司,應用服務開發工程師( Java/ Python),"工作內容
1.    智能客服中台應用服務設計與開發 
2.    聊天機器人相關應用服務設計與開發 
3.    AI輔助工具設計與開發

應徵條件
1.   有敏捷開發經驗。 
2.   可依產品story board快速規劃產品實作規格，如：開立 HTTP API 或 Restful API...等等。 
3.   可獨立操作 Linux 作業系統。 
4.   熟悉 HTTP / WebSocket 傳輸協定。 
5.   熟悉 JWT 應用。 
6.   熟悉使用 Jenkins 
7.   熟悉 git，有參與 git flow 經驗。 
8.   基本 RDB 資料庫操作 
9.   基本 Mongo DB 操作 
10. 基本 Redis 操作 
11.   基本 Elasticsearch 操作 
12.   熟悉微服務軟體建置 

*此職務須具備英文技術文件閱讀能力
*本職務可接受實習及兼職，一週須安排 3 天以上全日班，能力與工作內容面談。",www.104.com.tw/job/6nml7?jobsource=2018indexpoc,[]
鈦度科技有限公司,python工程師,"1. 開發網站(如Django framework) 
2. 系統串連，如以SQLAlchemy連結Relational Database (SQL Server)
3. 需熟悉OOP及MVC觀念及運用。 
4.  開發Restful API。 
5. 熟悉版本控制及testing技術。",www.104.com.tw/job/6xglu?jobsource=2018indexpoc,[]
遊戲橘子數位科技股份有限公司,Python演算法開發工程師(約聘),"1. 協助研究單位進行影像辨識、訊號處理、人工智慧演算法開發
2. 根據專案需求進行核心演算法開發、重構
3. 負責資料清洗、演算數據監控及演算效率優化
4. 相關規格與技術文件撰寫
5. 負責委外廠商管理,包括專案管理與驗收
6. 具備Node.js 開發經驗(optional)
7. 擁有或具備 Image Processing、Signal processing、AWS、GCP 相關知識
8. 熟悉 Git 版本管理工具、Docker、 Linux 系統操作
9. 熟悉 OpenCV、Caffe 等相關演算法工具
10. 需有兩年相關開發經驗

(本職缺為一年期約聘，若能接受再進行投遞)",www.104.com.tw/job/x9yc?jobsource=2018indexpoc,"['Linux', 'Python', 'AWS', 'Node.js']"
緯創資通股份有限公司,Python Developer(軟體研發)_ 汐止 _ 00000,"1. Mastery of Python programming with Django.
2. Experience with relational database is required. MongoDB is a plus.
3.",www.104.com.tw/job/4ucmh?jobsource=2018indexpoc,[]
睿點行動股份有限公司,後端資料工程師 Backend Data Engineer (Python)," Python、Pandas 資料處理流程
・熟悉 Linux 操作與設定
・具備網站爬蟲實作經驗
・一年以上相關工作經驗
・具自主分析問題與尋找解決方案之意願與能力
・具備團隊合作能力，能夠主動與 PM、設計師等討論並給予專業建議，共同追求",www.104.com.tw/job/6p3ps?jobsource=2018indexpoc,"['Linux', 'Python', 'MySQL', 'JavaScript']"
健行學校財團法人健行科技大學,健行科技大學推廣教育中心講師-Python,"Python講師，經歷超過2年以上。
3.任一專業領域：資料庫架構、程式語言、Python、數據分析。
4.假日(六日)排課。0900-1600",www.104.com.tw/job/6ntgo?jobsource=2018indexpoc,[]
鼎順數位科技有限公司,遊戲後端工程師【需具經驗 / 薪資待遇依能力面談 / JavaScript、C#、Python】,"工作內容：
1.遊戲後端伺服器及API開發與維護。
2.後台管理介面的開發與維護。
3.熟悉資料庫運用。
4.技術文件撰寫。

需求條件： 
1.熟悉下列任一程式語言：JavaScript、C#、Python。
2.具備獨立作業能",www.104.com.tw/job/6yhop?jobsource=2018indexpoc,"['ASP.NET', 'C#', 'Python', 'JavaScript']"
Advantech_研華股份有限公司,Python 軟體開發工程師(工作地點 : 昆山),"1.主要負責研華企業雲平臺專案開發及運維
2.企業內部流程性/報表類網站製作
3.微服務框架定義與搭建
4.負責企業內部自動化資料的採集和資料庫之間關聯
5.對生產資料/機台資料/環境資料等進行微服務化處理
6.開發雲平臺應用，並應用docker等容器技術進行平臺發佈",www.104.com.tw/job/6rx7o?jobsource=2018indexpoc,"['AJAX', 'HTML', 'JavaScript', 'jQuery']"
騰曜網路科技股份有限公司,Python軟體工程師,"1.與PO/Front-End團隊合作，開發產品功能。
2.與Architect團隊合作，使用microservices，設計產品後端架構。
3.維護及優化現有產品功能。",www.104.com.tw/job/6yeay?jobsource=2018indexpoc,[]
願暻有限公司,Lead Software Engineer (PHP/Python/Golang &amp; Javascript) 150k-180k 資深軟體工程師," knowledge in backend development using one of the following is a 
must:
o	PHP (Yii, Laravel, Symfony), Python (Django, flask)",www.104.com.tw/job/6uenl?jobsource=2018indexpoc,[]
將來商業銀行股份有限公司,【109】Backend 後端開發工程師 ( Python / Java / C# .NET),"• 協助解決與提供業務端的可行的技術服務方案
 • 協助產品 、UI/UX 團隊討論服務流程與技術的可行性，找出解決方法
 • 與前端討論、定義並開發系統的 API 的資料格式 與 傳遞方式
 • 負責服務的後端需求與程式邏輯流程開發、資料庫設計
 • 與 SRE 團隊一同找出效能瓶頸並持續精進和優化服務
 • 與 QA 團隊一同參與測試並不斷提升服務產品的 Robust 可靠與強韌性
 • 負責與 DevOps 團隊討論、定義與找出完善服務系統的部署與持續整合流程
 • 找出最有趣、屬於「將來」的工作模式、一同參與制定產品的服務技術走向與技術團隊文化",www.104.com.tw/job/6s64x?jobsource=2018indexpoc,[]
奔騰網路科技有限公司,[Python]平台開發者 / Platform Developer,"司程式設計相關經驗 
- 1 年以上 Python 相關經驗 
- 熟悉物件導向程式設計 
- 具備 RESTful API 設計和實作經驗 
- 熟悉 Unix* 系統操作經驗",www.104.com.tw/job/6f6k8?jobsource=2018indexpoc,[]
堯晉科技有限公司,初階Python工程師 ,"1. 知道什麼是 Client / Server 架構 
2. 有寫過 Socket 相關連線程式經驗 
3. 知道什麼是 Web 程式設計 
4. 知道什麼是 XMLHttpRequest（XHR）以及 Ajax 
5. 知道什麼是物件導向語言 
6. Git 操作 
7. 網路基礎概念 
8. 資料結構 / 演算法 相關知識 
9. 作業系統概念 
10.有拆解過任何一個 Open Source 的相關經驗",www.104.com.tw/job/6v9ez?jobsource=2018indexpoc,[]
固特斯股份有限公司,"後端軟體工程師-python, linux, aws (智慧生活IOT物聯網)","我們是做智慧家庭iot相關產品的公司,
所以我們尋找對實現物聯網、智慧家庭領域具有熱忱的後端軟體工程師(Software engineering)

工作內容:
1.熟悉python,linux
2.物聯網IoT後台開發與維運(",www.104.com.tw/job/6ii07?jobsource=2018indexpoc,[]
飛資得資訊股份有限公司,程式設計師(Python),"1.執行指派自有產品及專案軟體系統程式開發。
2.專案產品軟體系統測試與導入。
3.系統保固維護服務及客戶服務之技術問題解決
4.具備團隊合作能力，能夠主動與PM、設計師等討論並給予專業建議，共同追求合適的解決方案。
",www.104.com.tw/job/6lo70?jobsource=2018indexpoc,"['Linux', 'MySQL', 'Django']"
歐立威科技股份有限公司,Python 工程師 (Linux),"1.負責軟體之分析、設計以及程式撰寫。
2.規劃執行軟體架構及模組之設計，並控管軟體設計進度。
3.進行軟體之測試與修改。
4.熟悉Linux環境。
5.英語能力佳（需提供考試證明）",www.104.com.tw/job/6q2ao?jobsource=2018indexpoc,[]
彩虹雲端科技有限公司,Python 爬蟲工程師,網站爬蟲、資料輸出、API串接,www.104.com.tw/job/6qgsx?jobsource=2018indexpoc,[]
康翔科技股份有限公司,python工程師(新店區),系統的新增修改為主,www.104.com.tw/job/6ykho?jobsource=2018indexpoc,[]
樹人科技有限公司,Python工程師(台北),"1.撰寫通訊系統後端
2.熟悉 django
3.熟悉 web socket 協定",www.104.com.tw/job/6t65s?jobsource=2018indexpoc,[]
法商法國巴黎人壽保險股份有限公司台灣分公司,財務部 實習生 Finance intern (10 months),"1. Develop automation tool or script using Python for Finance department. 
2. perational support to enhance data process",www.104.com.tw/job/6vicv?jobsource=2018indexpoc,['Python']
中國文化大學_推廣教育部,台中分部徵聘Python程式設計兼任講師,課程設計、授課教學、編撰講義、準備上課教材,www.104.com.tw/job/6q9vi?jobsource=2018indexpoc,['Python']
動力安全資訊股份有限公司,"軟體 工程師 (Java, Python, LabVIEW)","About the Job
At Dynasafe, we're leading customers on their journey to Automations (Intelligent Building, Smart Data Center, Industry 4.0, and IoT) and Software-Defined Network (SDN) by enabling them to increase their productivity and security. If you're passionate about programming, learning new technologies, and working in an ambitious and highly visible project environment, please don’t hesitate to apply for this position. The potential candidate would be a member of the R&D team working on solutions based on SDN platform and various Automation standards.
在動力安全，我們帶領企業客戶走向以軟體整合應用SDN網路為基礎的自動化與智慧化 (智慧建築，智慧機房，工業4.0，與物聯網)。協助客戶提高安全，效率，於增強在國際上的競爭能力。若你對自動化系統及SDN網路有興趣，以及對寫軟體程式學習新技術充滿熱忱，歡迎加入動力安全的行列。

Role and responsibilities:  
- Design and develop a highly customizable Automation and/or SDN-based solutions. (設計開發自動化及以SDN為基礎的應用軟體系統)
- Write functional and design specs as well as responding to requirement documents and system level test plans. (編寫軟體規格文件，測試計劃等)
- Collaborate well with other engineers and other engineering groups for team work(需與其它部門協同合作)",www.104.com.tw/job/44234?jobsource=2018indexpoc,['Linux']
優愛德股份有限公司,資料分析師 Data Analyst,"分析專案
-協助規劃及設計自動化資料分析平台
-與開發團隊合作，搜集分析所需資料

必備能力:
1、熟悉 Python 進行資料ETL/數據分析
2、熟悉Google Analytics、Google Tag Manager設定
2、",www.104.com.tw/job/5f7zk?jobsource=2018indexpoc,['Python']
瀚荃股份有限公司,軟體工程師,"1.工業4.0相關設備軟體開發。
2.產品開發環境Linux。
3.使用程式語言Python。",www.104.com.tw/job/6lpc1?jobsource=2018indexpoc,"['Linux', 'Python']"
法商法國巴黎人壽保險股份有限公司台灣分公司,精算部 實習生 (預計至年底),1. Study and help to generate monthly reserve report by using Python. (currently the report is generated with MS Foxpro).,www.104.com.tw/job/6yqv2?jobsource=2018indexpoc,['Python']
力成科技股份有限公司,經營管理類-品管主任,"1.人員效率分析：ECRS人員效率量測、分析、改善
2.人員動態智能排程：VSM分析、Flexsim系統模擬
3.品質數據分析與Tableau資料視覺化建置與持續改善
4.自動化專案改善：異常影像辨識、Python機械學習與深度學習(",www.104.com.tw/job/34xws?jobsource=2018indexpoc,['Python']
樹人科技有限公司,Python工程師(高雄),"1.撰寫通訊系統後端
2.熟悉 web socket 協定",www.104.com.tw/job/6xl43?jobsource=2018indexpoc,[]
QNAP_威聯通科技股份有限公司,32000-AI智慧工程師,"[工作內容] 
1. 數位轉型MarTech/SerTech/SaleTech、網路商城、公司內部服務等智慧功能開發

[需求條件]

1. 熟悉Python, Dialogflow等相關平台
2. 熟於AI演算法與應用框架
3.",www.104.com.tw/job/6po1z?jobsource=2018indexpoc,"['Git', 'Python']"
思華科技有限公司,AI Team QA-自動測試軟體工程師,"1. 撰寫自動化腳本(Python或Node.js)來測試 Backend API
2. 撰寫 Test Case
2. 測試前端功能
3. 撰寫測試報告、問題追蹤
4. 確保產品線上品質優良",www.104.com.tw/job/6xh96?jobsource=2018indexpoc,"['Python', 'Node.js']"
金姆健康科技有限公司,生物統計研究員,"1. 臨床生理參數、疾病分類分型與脈搏相關性之研究
2. 臨床數據整理、分析
3. 臨床數據統計
4. 協助計劃執行相關業務
5. 程式語言需求：Python、R
6. 具生理醫學相關背景
",www.104.com.tw/job/6qpt9?jobsource=2018indexpoc,"['Python', 'R']"
關貿網路股份有限公司,資料工程師(T53),"1.Hadoop-based應用系統開發維護及專案支援。
2.巨量資料處理及ETL架構規劃及開發。
3.熟悉java，會R或Python撰寫分析演算法程式尤佳。",www.104.com.tw/job/4ftgq?jobsource=2018indexpoc,"['Java', 'Python', 'XML Web services']"
干城數碼有限公司,CI/CD 工程師_B,"Design and execute testing. (Test Spec, Test Case)
Develop testing tool/automation. (Python or other script language)",www.104.com.tw/job/6szfv?jobsource=2018indexpoc,"['Java', 'Python']"
迎棧科技股份有限公司,雲端工程師(R&amp;D),"．負責 OpenStack , Kubernetes 網路規劃。
．Python / Ansible 程式開發。
．於FWaaS / LBaaS debug。
．Linux Bridge、Open vSwitch運作及Software-",www.104.com.tw/job/4e7s2?jobsource=2018indexpoc,"['Linux', 'Python']"
ACT Genomics Co. Ltd_行動基因生技股份有限公司,生物資訊軟體工程師,"1.開發以次世代定序(NGS)為主的醫療器材軟體
2.系統分析、設計、維護及程式撰寫(Python 或 Perl)
3.設計軟體測試、修改、驗證流程，並撰寫技術文件
4.共同制定工作標準作業程序",www.104.com.tw/job/6uk4r?jobsource=2018indexpoc,"['Perl', 'Python']"
廣達電腦股份有限公司,雲端應用伺服器自動化程式開發 - J1626,"1.雲端伺服器、網路與儲存設備之研發驗證、雲端應用、資料中心管理與效能調校分析相關的自動化程式開發。
2.開發工具包括Python, Linux Bash, Java 或 Windows Powershell 以符合相關應用。
3.工作待遇/",www.104.com.tw/job/6g38j?jobsource=2018indexpoc,"['Linux', 'Python']"
彩得線上娛樂股份有限公司,數據分析師,"1. 精通統計理論相關知識，並有數據分析實際經驗。 
2. 運用演算法建立模型及優化，機器深度學習 。
3. 能運用Python或R進行數據分析。
4. 熟悉統計分析軟體為佳。 （SAS）",www.104.com.tw/job/6rhpq?jobsource=2018indexpoc,"['Python', 'R', 'MySQL', 'SAS']"
中佑資訊有限公司,深度學習開發工程師,"1. Python/C/C++/Java，與深度學習影像辨識相關之應用程式設計開發。
2. TensorFlow/Python之深度學習模型訓練、推論與最佳化。
3. Web Service API設計與開發。

",www.104.com.tw/job/6sgut?jobsource=2018indexpoc,"['C', 'C++', 'Java', 'Python']"
惇智科技股份有限公司,IOT韌體系統工程師,"1. Python、PYQT5、RS485 相關軟硬體開發。
2. IOT 相關應用。
3. 客戶端技術支援。
",www.104.com.tw/job/6s67v?jobsource=2018indexpoc,"['Linux', 'Windows 10', 'C++', 'Python']"
帆宣系統科技股份有限公司,軟體工程師-新竹(M6-4582),"1.巨量資料系統分析開發
2.客製化網路平台開發
3.具系統分析與系統設計能力
4.具備C# python R相關系統開發經驗尤佳",www.104.com.tw/job/6qfxb?jobsource=2018indexpoc,"['ASP.NET', 'C#', 'Python']"
湧德電子股份有限公司,&lt;儲備幹部&gt; 資料分析師,"1. 應用數學統計/ 資料探勘/ 機械學習/ 圖像化資料呈現等技術於巨量資料分析與探勘。
2. 協助高階主管規劃生產、行銷計劃制度和中長期策略規劃及年度營運方針落實。
3. 協助專案計畫書撰寫、提案簡報製作、跨單位資訊整合等。

※※工作願景與發展:
1. 以資料分析師為目標
2. 對商業模式深入解析

※※工作成就與樂趣:
1. 挑戰透過資料分析帶來非預期效益，達落實於應用面成就。
2. 工作中兼顧學習成長，團隊合作共同切磋提升實力。
3. 自主化管理，提升工作效率。",www.104.com.tw/job/6yanp?jobsource=2018indexpoc,['Python']
台灣大哥大股份有限公司,I177 資料分析資深工程師,"1. 負責新創服務分析功能開發與維護，如:行動廣告/影音/音樂等產品
2. 負責大數據平台程式開發與應用功能維護，如:Hadoop、Elasticsearch Server
【薪資待遇】：月薪31,000元-53,000元，依績效另有豐厚年終獎金與員工紅利。",www.104.com.tw/job/66q7y?jobsource=2018indexpoc,['Python']
資通電腦股份有限公司,系統開發程式設計師(R4),"開發與維護『金融演算法系統後端平台』
-Python程式開發與除錯
-部署金融演算法到Linux Server
-資料庫表格設計
-Linux Server架設
",www.104.com.tw/job/6vhj8?jobsource=2018indexpoc,"['Linux', 'Java', 'Python']"
聯詠科技股份有限公司,AI語音系統軟體開發工程師 (SoC_LTD-SA),"1.	熟悉Linux系統, 具C/C++/Python程式語言設計經驗 
2.	熟悉Machine Learning以及Deep Learning framework, 具AI需求分析與應用開發經驗 
3.	具Machine Learning",www.104.com.tw/job/6e9et?jobsource=2018indexpoc,"['C', 'C++', 'Python']"
緯創資通股份有限公司,軟體測試工程師 _ 汐止 _ 00000,"1. 測試計畫與測試項目的安排規劃與撰寫
2. 對於NB軟體進行整合測試/功能測試 
3. 相關產品測試環境建置 
4. 問題追蹤處理，測試報告撰寫
5. 與相關合作單位溝通及協調
6. 其他交辦事項",www.104.com.tw/job/6op1d?jobsource=2018indexpoc,['Python']
晶元光電股份有限公司(晶電),系統開發工程師(竹科),"1.生產數據預測、分析Model設計
2.投入與產出模擬Model設計、訂單與產出模擬Model設計
3.專案需求訪談、開發設計、系統分析並製作系統需求規格書文件
",www.104.com.tw/job/66fll?jobsource=2018indexpoc,['Python']
邁克兄弟科技股份有限公司,產品應用工程師,"1. 擬定產品上市時程與評估測試 。
2. 根據產品規格撰寫測試案例 。
3. 驗證規格、功能性測試、整合性測試、相容性測試，並確保產品可用性。 
4. 測試程式語言：ArduinoIDE、Python、OpenCV、C#。
5. 問題回",www.104.com.tw/job/6xj1c?jobsource=2018indexpoc,"['C#', 'Python']"
神基科技股份有限公司,【2020暑期實習計畫】-AI 專案實習生,"2020神基科技暑期實習招募熱烈進行中，實習期間將配予每位實習生專屬輔導員(Mentor)帶領您學習並投入專案工作，是個提供您貢獻所學，獲得寶貴實務經驗的成長機會，誠摯歡迎您加入我們的實習計劃，與我們一起開創成為改變世界的力量。

【實習條件】
＊暑期大學升大四至碩士班學生
＊實習時間為2020/7/6~2020/8/31全程實習
＊週一到週五，09:00~18:00，中午休息1小時

【工作內容】
1.協助整理車牌辨識系統所需要的訓練資料
2.協助標記車牌資料
3.協助整理全球車廠各式車型資料",www.104.com.tw/job/6y824?jobsource=2018indexpoc,['Python']
通寶半導體設計股份有限公司,嵌入式系統軟體工程師 (Embedded Software Engineer),"1. Embedded system programming in C, C++, and Python on Linux and RTOS
2. IC emulation / feature validation for ASIC",www.104.com.tw/job/5yu8m?jobsource=jolist_c_relevance,"['C', 'C++', 'Python']"
緯創資通股份有限公司,Data Engineer_高雄_00094,"1.Design, implement, maintain ETL architecture
2.Responsible for data cleaning and feature engineering  tasks
3.Design and create RESTful APIs for machine learning models
4.Administrate Linux-based development environment
5.Cooperate and communicate with data scientists in a machine learning project",www.104.com.tw/job/6hpp8?jobsource=jolist_c_relevance,['Python']
上展科技股份有限公司,QA Automation Engineer,"1.制定軟體測試計畫書(Test Plan)和撰寫測試案例(Test Case)
2.建立自動化測試腳本、自動化測試環境、測試設計、與改善自動化測試流程
3.與開發成員討論與改善產品規格與架構
4.協助撰寫測試報告
",www.104.com.tw/job/6h5nv?jobsource=jolist_c_relevance,['Python']
廣達電腦股份有限公司,雲端應用伺服器自動化程式開發專員 - J0168,"1.雲端伺服器、網路與儲存設備之研發驗證、雲端應用、資料中心管理與效能調校分析相關的自動化程式開發。!
2.開發工具包括Python, Linux Bash, Java 或 Windows Powershell 以符合相關應用。
3.工作待遇",www.104.com.tw/job/uxs0?jobsource=jolist_c_relevance,"['Linux', 'Python']"
華廣生技股份有限公司,【擴大編制】(數據分析類)資訊分析工程師-RDD,"1. 進行演算法開發，將電流轉換為濃度值之訊號處理。
2. 機器學習方法建立，以大數據進行分析進行個人化設定。

~通知面試時請佐附 過往數據分析作品與工作成就於面試時展示說明~",www.104.com.tw/job/6y19p?jobsource=jolist_c_relevance,['Python']
Nityo Infotech Services Limited,Automation Test Developer," least 3 years of experience in automation testing
•	Test script development using Python, familiar with OOPs concept
•",www.104.com.tw/job/6y52e?jobsource=jolist_c_relevance,['Python']
緯創資通股份有限公司,RRS0000-Automation engineer(汐止),"【職務內容】
1. Automated Quick look test Python scripts development and bring-up/function/performance/stress test
2. Manage",www.104.com.tw/job/6syn9?jobsource=jolist_c_relevance,['Python']
四零四科技股份有限公司,DevOps測試高級工程師 (20003I),"Purpose of this Position： 
隨著時代的演變，軟體技術的發展越來越快速，對於產品品質提升的相關技術也一直在快速演進，為了確保產品的品質，公司決定擁抱DevOps的開發模式來持續交付有品質、有價值的產品給客戶，產品的開發模式也漸漸從瀑布式開發轉化成敏捷開發的思維，以因應客戶不斷變化的需求。
    為了因應這樣的改變，測試團隊所需的技能也跟著有所變化。經過這幾年的技術累積，現在已經有產品的測試是以自動化測試開發為主，手動測試為輔的思維來確保產品的品質，不用再擔心回歸測試所造成的風險和時間的浪費。我們已經成功地實現這樣的作法運行在資料擷取的產品線開發，測試人員白天負責開發測試項，晚上CI server會觸發並自動跑完所有的測試項，隔天在Dashboard上就可以看到所有測試項的結果。透過這樣的反覆迭代和不斷的累積也看到了豐碩的成果。我們看到了這樣的成功樣貌，想要把這樣的成功複製在更多的產品線上，所以需要更多對這個產業有興趣、想要專研這個領域的技術以及有自動化能力的人才加入我們，共同創造更美好的成功景象。
    工作主要的內容是以確保IIOT解決方案的產品品質為主，產品線的範圍包含現場擷取感測器資料的遠端I/O、通訊協定轉換器、串列設備伺服器 (serial to ethernet)、IIOT Gateway、以及包含Moxa在雲端提供的服務(SaaS)等等。 
    如果你對這樣的工作內容有興趣的話，歡迎跟我們聯絡，讓我們一起共創出你自己也覺得驕傲的產品。

Major Areas of Responsibility：
1.	參與專案團隊的開發，如期完成交代的任務，且產出有一定的品質
2.	專研工控領域產品所需的相關領域技術，成為該領域的專家
3.	從事產品的測試計畫撰寫、測試項設計和執行等確保產品品質的工作
4.	負責自動化測試的環境架設和實作

",www.104.com.tw/job/6xe59?jobsource=jolist_c_relevance,['Python']
大聯大投資控股股份有限公司,Data Scientist/Engineer (Data Science Team),隊以Python為主要研發工具，希望邀請偏資工(或數理)領域的人才加入我們，如果你(妳)具備運用Python的能力，或是曾經使用R進行資料處理與分析，再搭配以下需求的其中一項，將會是很好的工作候選人，您的薪資待遇將會與所具備之專業年資呈正向相關,www.104.com.tw/job/6cv1g?jobsource=jolist_c_relevance,['Python']
希納蒙人工智慧股份有限公司,Backend Software Engineer,"一流的 AI 公司，需要一流的 Backend Engineer，將 AI 產品化、讓 AI 的研發最佳化！
想要嘗試不同的新挑戰嗎？和我們一起打造下一代的 AI Cloud、AIaaS 平台和團隊吧！

--

我們在尋找充滿熱情的後端工程師，主要任務為：設計、開發先進的 AI 平台，以及將我們的 AI Solution 建置成完整的 solution，提供給我們的超重量級客戶們（日本金融業龍頭公司、銀行）。

★ 依據不同需求和條件，運用各種技術，建置先進的 backend，完成各種大量且複雜的 AI pre-process、post-process、integration 等等，deliver 完整的 solution。
★ 與 AI Researcher 合作，將先進的 AI Model 或 prototype、idea 等，建置為可供 user 實際使用的高品質產品。
★ 建立有彈性的 AI 研發架構及平台，加速研發流程。
★ 參與討論系統架構之設計。

你將扮演研發骨幹的角色，讓我們先進的 AI model，帶來實際的user value，幫助公司快速前進。在產品開發的過程當中，發揮舉足輕重的影響力！

想讓自己快速成長、在 AI 相關領域及軟體工程領域當中，成為國際級的好手嗎？如果你樂於接受挑戰，迫不及待想與我們一起建立世界級的 Machine Learning 平台，參與 Deep Learning for Computer Vision、NLP、以及 Speech Recognition 的先進領域，這是你最棒的機會。

不論你是多年經驗的箇中好手，或是初出茅廬想要一展拳腳，這裡都有適合你發揮的舞台！",www.104.com.tw/job/6xj01?jobsource=jolist_c_relevance,['Python']
Viscovery_創意引晴股份有限公司,Data Engineer,"Responsibilities: 
1. Building data storage and management systems
2. Building efficient and flexible data pipelines
3. Optimizing data annotation and visualization tools

",www.104.com.tw/job/6igsd?jobsource=jolist_c_relevance,['Python']
就業情報資訊股份有限公司新竹分公司,**兼職AI工程師(派駐聯發科-竹科),"(1)研究與討論最新 AI 論文
(2)在 IC Design Flow 導入 AI 相關技術
(3)AI 系統開發與進行相關實驗",www.104.com.tw/job/6ykiv?jobsource=jolist_c_relevance,['Python']
博鈞科技股份有限公司,人工智慧演算法開發工程師,"1. 負責神經網路模型設計及開發
2. 此職務應用範圍涵蓋物件偵測、語意分析以及圖像辨識
3. 需具備Python開發能力
4. 具深度學習相關知識(TensorFlow, Keras)",www.104.com.tw/job/6y0vg?jobsource=jolist_c_relevance,['Python']
長佳智能股份有限公司,AI專案解決架構師,"1.	協助跨部門溝通，把問題和需求程式化
2.	評估AI專案所需要的軟硬體，需熟悉微服務架構
3.	熟悉AI專案從需求到部署所需要的所有細節，可以設計一套完整的AI專案
4.	具生物醫學相關背景，比較容易與醫生溝通
5.	熟悉UML，可以快速把流程或程序製作成圖
6.	可以快速理解專案需求，安排合理的工作時程表",www.104.com.tw/job/6qbt8?jobsource=jolist_c_relevance,['Python']
格明數位媒體有限公司,機器學習工程師 Machine Learning Engineer【GG42】,"我們需要對AI x大數據有熱情和想法的好手，一同加入數據科學團隊，打造數據驅動的生態圈，並透過對用戶行為不同維度的分析與預測，提供智能化的商務決策解決方案。

1. 數據分析、挖掘、建模與相關的技術開發。 
2. 開發及佈署機器學習、深度學習預測模型。
3. 進行演算法的設計、分析及模擬，並評估可能的應用範圍。 
4. 建置精準推薦與行銷、會員分群、風控預測模型等，提升營運成效。  ",www.104.com.tw/job/6gu3o?jobsource=jolist_c_relevance,['Python']
量趨科技有限公司,Senior Machine Learning Engineer - Quantitative Algorithmic Trading Team," independent algorithmic research.

The main programming language is Python.

【About Us】

    Quantrend Technology focuses on",www.104.com.tw/job/6snw4?jobsource=jolist_c_relevance,['Python']
Gogoro Taiwan Limited_睿能創意股份有限公司,Sr. Test Automation Engineer_Taipei,"The Product Assurance Team is looking for an expert automation tester who is good in java / python, selenium, Robot",www.104.com.tw/job/6ulwz?jobsource=jolist_c_relevance,"['Java', 'Python', 'MS SQL']"
Gogoro Taiwan Limited_睿能創意股份有限公司,Sr. Test Automation Engineer_Linkou,"The Product Assurance Team is looking for an expert automation tester who is good in java / python, selenium, Robot",www.104.com.tw/job/6ulww?jobsource=jolist_c_relevance,"['Java', 'Python', 'MS SQL']"
馬紹爾群島商彩虹科技股份有限公司(籌備處),高級測試工程師/組長,"溝通能力，吃苦耐勞，能承受多次回歸的枯燥乏味；

4、細心細緻，善於發現遊戲中的細節問題和設計疏漏，熱愛遊戲，有遊戲測試經驗者尤佳；

5.熟悉python，HTTP協議，socket協議，能獨立編寫自動化腳本。
",www.104.com.tw/job/6lo8h?jobsource=jolist_c_relevance,['Python']
興創知能股份有限公司,電腦視覺AI工程師,"模型(Segmentation與Object Detection)開發與佈署
•	追蹤與研發3D點雲物件辨識AI演算法
•	AI模型容器化與部屬

【職位要求】
•	熟悉深度學習理論
•	熟悉 Python 語言
•	熟悉keras與",www.104.com.tw/job/6vhqr?jobsource=jolist_c_relevance,['Python']
聯詠科技股份有限公司,AI and ML視訊演算法架構工程師 (iHOME-DD3)," related major) 
2. 熟悉 深度學習的概念, 演算法 與架構 
3. 具深度學習工具的使用經驗. (ex. python, tensorflow, caffe,....) ",www.104.com.tw/job/66uof?jobsource=2018indexpoc,['Python']
Synology_群暉科技股份有限公司,Product Developer (雲端服務軟體開發),"Synology's product developers create cutting edge products used by millions of users around the world. Our portfolio of data storage, networking, and surveillance products are powered by our own software solutions, giving us a unique edge in today's crowded market. We are looking for engineers that can make an impact, bringing in fresh ideas from different areas to help expand our team of high-energy developers.

Today’s IT solutions are rarely just standalone products, but leverage the power of cloud computing infrastructure to provide additional benefits and features to users. Synology’s products are no different. In addition to providing a solid storage foundation for our customers, our cloud service enables important functionality, such as remote access, secure cloud backups, and more. As a developer, you’ll be working on distributed, large-scale systems that need to continue providing critical services to our customers, no matter what.

You will:
- Develop on existing and future cloud-based services
- Diagnose and optimize system performance
- Once a month on-call duty",www.104.com.tw/job/65voj?jobsource=2018indexpoc,['Python']
奕兆有限公司,QA Automation Engineer/自動化測試軟體工程師," APP - Android APP: Python+Appium.
2. For Web, Backend and Mobile APP - API: Postman.
3. For project web pages and Backoffice",www.104.com.tw/job/6wug6?jobsource=2018indexpoc,['Python']
禾多移動多媒體股份有限公司,資料探勘工程師,"
工作技能：
(1) 統計理論與資料探勘技術;
(2) 程式能力(python為主) 

其他條件： 
(1) 熟悉線性代數;
(2) 應用資料科學於實務問題之熱忱

薪資待遇(依學經歷敘薪): 
學歷-研究所:  月薪4萬元起",www.104.com.tw/job/4u9yz?jobsource=2018indexpoc,['Python']
QNAP_威聯通科技股份有限公司,65210-網路軟體工程師(汐止)," development
條件：
1.	Good programming ability in C or Python is a must
2.	Familiar with network is a must
3.	Familiar with Linux is",www.104.com.tw/job/6an35?jobsource=2018indexpoc,"['Linux', 'C', 'C++', 'Python']"
瑞星管理顧問股份有限公司,趨勢科技_主力商品Deep Security Devops engineer (學生/兼職可),"本原因
3.維護與管理系統操作日誌
4.技術Wiki，服務列表，團隊共享的文檔
5.安裝/升級PIT環境並創建自動化環境
6.協助專案維運與系統操作，不一定要Coding，但需要看得懂Python
7.周末需協助On call處理國際客戶",www.104.com.tw/job/6yks5?jobsource=2018indexpoc,['Python']
TutorABC_麥奇數位股份有限公司,AI算法工程師(Algorithm engineering),"、演算法調優、參數調整等
3.應用領域主要包含用戶畫像、行銷轉化、風險控制、推薦模型、客戶滿意度與黏著度等
4.跟蹤模型上線過程與實際應用結果

[Job Requirements]
1.自主編寫程式與調試，能使用Python/C++/Java(任",www.104.com.tw/job/6q78i?jobsource=2018indexpoc,['Python']
雙子星雲端運算股份有限公司,Customer Advocate Engineer,"安裝設定之經驗。
5. 程式開發之經驗。

技術需求 ：
1. 熟悉Python 程式語言者佳。
2. 熟悉 Restful API 者佳 。
3. 熟悉 K8S、Openstack 者佳 。",www.104.com.tw/job/6df7t?jobsource=2018indexpoc,['Python']
香港商司亞樂科技亞太有限公司台灣分公司,【2020研發替代役】Software Engineer 軟體/韌體工程師,"1).研發4G/5G無線通訊產品的軟體/韌體程式，包括：Feature Design/ Development/ Debugging/ Testing
2).熟悉程式設計語言：C、C++、Python
3).對軟體/韌體研發，有高度興趣
",www.104.com.tw/job/6rrnu?jobsource=2018indexpoc,"['C', 'C++', 'Python']"
希納蒙人工智慧股份有限公司,AI Researcher,"/or project management is a plus. 
● Excellent programming skills with Python, C/C++. CUDA or OpenCL is a plus. 
● Problem",www.104.com.tw/job/6n7i8?jobsource=2018indexpoc,['Python']
驊宏資通集團_駿永資訊科技股份有限公司,系統工程師-網路組(軟體設計),"Python程式語言。
4.具備Django或Flask等Web框架建構能力。
5.具備XML、JSON、JAML等資料格式儲存及轉換能力。
6.具備Postman、Swagger等REST API調用工具能力。
7.具備Git、SVN等程式版本控",www.104.com.tw/job/6yaap?jobsource=2018indexpoc,['Python']
德義資訊股份有限公司,自動化工程師,"需有
軟體 網頁 相關測試經驗
熟悉程式語言： python
熟悉測試工具：Jmeter",www.104.com.tw/job/3oj5g?jobsource=2018indexpoc,['Python']
邑流微測股份有限公司,AI 人工智慧軟體工程師,"Python
3. 如有影像處理、深度學習影像應用(語義分割、物件辨識)兩年以上相關工作經驗加分
4. 英文佳(有國際合作/商洽機會)，且具備與海外供應商電話會議及書信往來能力
5. 上班時間彈性，未來可獲得員工認股、外派與擔任高階研發主管機",www.104.com.tw/job/6rzxe?jobsource=2018indexpoc,['Python']
物聯智慧股份有限公司,Software engineer(Cloud Service)軟體工程師," nodejs, python, shell script, etc. 
3. Good concept on http, TCP/IP network protocols. 
4. Good at socket programming.",www.104.com.tw/job/6nq9m?jobsource=2018indexpoc,"['Linux', 'C', 'C++', 'Python', 'Node.js']"
瑞精工科技股份有限公司,研發中心-AI製程大數據應用工程師,"1. 收集製造過程中所產生的大數據並加以清洗與整理.
2. 建立統計分析模型並透過機器深度學習進行預測及整合MES、CIM、戰情中心等發展智慧工廠AI應用.
3. 具備簡報能力.
4. 同時具備C#及Python開發能力.",www.104.com.tw/job/6sfp8?jobsource=2018indexpoc,"['C#', 'Python', 'PowerPoint']"
英屬蓋曼群島商防特網股份有限公司台灣分公司,"Senior Software Development Engineer (C/C++, Linux) - Taipei (Req: APRD2103)"," Node.js, Python, etc.)
2.	Develop new PQC test framework (using RobotFramework and Python)
3.	Based on DUT (Device Under",www.104.com.tw/job/3omui?jobsource=2018indexpoc,"['Linux', 'C', 'Python', 'TCP/IP']"
印度商威普羅股份有限公司台灣分公司,Android Mobile Power Test Engineer- Power 安卓手動測試工程師-Power (工作地點: 桃園),"background will be a plus. 
6. Programming experience in Python, Java/C. Experience in usage of Power tools like Monsoon and",www.104.com.tw/job/6fauj?jobsource=2018indexpoc,['Python']
希納蒙人工智慧股份有限公司,Sr. Backend Software Engineer,"一流的 AI 公司，需要一流的 Backend Engineer，協助 AI 產品化、讓 AI 的研發最佳化！ 
想要嘗試 AI 浪潮下的新挑戰嗎？和我們一起打造下一代的 AI Cloud、AIaaS 平台和團隊吧！

--

我們在尋找充滿熱情的後端工程師，主要任務為建置 AI Service，提供給我們的超重量級客戶們（日本金融業龍頭公司、銀行）。你將需要將 AI modules 建構成完整的 Data pipeline 及 Service，並且隨著不同產品及不同客戶的需求，提供不同的 Solution。除此之外，你也需要建構公司的內部 AI 發展所需的各種平台，協助公司的 AI 實力更上一層樓。

你可能有機會參與：
★ 依照不同的客戶需求即使用情境，將 AI Researcher 所研發的 AI Models ，組成有效率的 Pipeline，建置成可維護的應用系統。
★ 建立有彈性的 AI 研發架構及平台，加速研發流程。 
★ 建立有彈性、易維護、可共用的 Deployment 架構，提升部署的速度和品質。
★ 參與、討論、主導系統架構設計。
★ Design review, code review, 撰寫技術文件。

你將扮演研發骨幹的角色，讓我們先進的 AI model，帶來實際的 user value，幫助公司快速前進。在產品開發的過程當中，發揮舉足輕重的影響力！

想讓自己快速成長、在 AI 相關領域及軟體工程領域當中，成為國際級的好手嗎？如果你樂於接受挑戰，迫不及待想與我們一起建立世界級的 AI 平台及產品，參與 Deep Learning for Computer Vision、NLP、以及 Speech Recognition 的先進領域，這是你最棒的機會！
",www.104.com.tw/job/6mlr3?jobsource=2018indexpoc,['Python']
英屬開曼群島商史泰博股份有限公司台灣分公司,程式設計師[SP],"1.公司內部ERP系統維護與功能開發
2.公司電子商務網站維護與功能開發
3.協力廠商系統資料串接(XML/JSON)
4.Python爬蟲程式開發",www.104.com.tw/job/6uu9k?jobsource=2018indexpoc,"['ASP.NET', 'C#', 'PHP', 'Python', 'Access', 'MS SQL', 'MySQL', 'VBScript']"
科迪股份有限公司,Software Engineer (Annual salary: NT$1M+),"
• 良好的職場英文口語表達與寫作能力

★ 必備條件:
• 二年以上軟體實務開發經驗者，或有碩士資訊科學相關學位
• 有程式審查、測試、文件撰寫經驗並曾歷經軟體開發流程，如Scrum和Kanban
• 熟悉任一語言(Python、",www.104.com.tw/job/5hirt?jobsource=2018indexpoc,['Python']
